Month,Revenue,Orders,Cancelled_Revenue,Gross_Revenue,Gross_Orders,Cancelled_Orders
2009-12,796535.0,2078,-25835.450000000004,822370.45,1677,401
2010-01,614823.212,1337,-27343.97,642167.182,1065,272
2010-02,531265.366,1441,-20612.93,551504.726,1201,240
2010-03,764482.401,2082,-66432.86,830915.261,1681,401
2010-04,641679.762,1761,-37099.19,678778.952,1460,301
2010-05,614285.21,1901,-43420.28999999999,657705.5,1500,401
2010-06,677100.52,2001,-72436.79000000001,749537.31,1645,356
2010-07,617543.2,1872,-31267.07,648810.27,1529,343
2010-08,655092.33,1697,-40159.58,695251.91,1425,272
2010-09,851105.961,2210,-70591.03,921696.991,1839,371
2010-10,1081363.32,2771,-80538.9,1161902.22,2301,470
2010-11,1416697.202,3321,-40889.23,1457586.432,2746,575
2010-12,786031.64,1877,-21879.760000000002,807911.4,1558,319
2011-01,591790.29,1344,-98021.32,689811.61,1086,258
2011-02,508669.14,1314,-13876.419999999998,522545.56,1101,213
2011-03,693048.9,1767,-22946.6,715995.5,1453,314
2011-04,492337.841,1485,-44600.649999999994,536938.491,1245,240
2011-05,735396.88,1990,-33899.729999999996,769296.61,1681,309
2011-06,700928.16,1858,-59618.850000000006,760547.01,1533,325
2011-07,691038.081,1743,-27038.039999999997,718076.121,1475,268
2011-08,715734.89,1633,-31044.43,746779.32,1361,272
2011-09,1030546.792,2169,-25888.4,1056435.192,1838,331
2011-10,1083589.45,2395,-67641.23,1151230.68,2039,356
2011-11,1470393.08,3208,-33473.7,1503866.78,2770,438
2011-12,462142.02,963,-175666.31,637808.33,819,144
