StockCode_clean,Description,Revenue,Quantity_Sold,Orders
22423,REGENCY CAKESTAND 3 TIER,314045.01999999996,25043,4260
85123A,WHITE HANGING HEART T-LIGHT HOLDER,251781.63,91082,5598
85099B,JUMBO BAG RED RETROSPOT,180512.16,95963,4096
47566,PARTY BUNTING,147079.73,27919,2698
84879,ASSORTED COLOUR BIRD ORNAMENT,128550.42,79571,2826
22086,PAPER CHAIN KIT 50'S CHRISTMAS ,116298.59,34494,2034
79321,CHILLI LIGHTS,79905.13,15696,1156
22197,SMALL POPCORN HOLDER,78903.62,87695,2412
22386,JUMBO BAG PINK POLKADOT,75457.64,38955,2270
84347,ROTATING SILVER ANGELS T-LIGHT HLDR,70969.95,22028,762
20725,LUNCH BAG RED RETROSPOT,69722.54,39386,3135
85099F,JUMBO BAG STRAWBERRY,68489.89,36778,1881
23084,RABBIT NIGHT LIGHT,66661.63,30631,1009
48138,DOORMAT UNION FLAG,66650.9,10026,1677
20685,DOORMAT RED RETROSPOT,65784.94,9692,1737
21137,BLACK RECORD COVER FRAME,65107.0,18716,641
21931,JUMBO STORAGE BAG SUKI,60826.92,28792,2363
22502,PICNIC BASKET WICKER SMALL,60443.880000000005,3680,940
21621,VINTAGE UNION JACK BUNTING,59742.04,6836,1302
21843,RED RETROSPOT CAKE STAND,59648.049999999996,5543,1682
